-- MySQL dump 10.17  Distrib 10.3.23-MariaDB, for debian-linux-gnueabihf (armv7l)
--
-- Host: localhost    Database: luckperms
-- ------------------------------------------------------
-- Server version	10.3.23-MariaDB-0+deb10u1

/*!40101 SET @OLD_CHARACTER_SET_CLIENT=@@CHARACTER_SET_CLIENT */;
/*!40101 SET @OLD_CHARACTER_SET_RESULTS=@@CHARACTER_SET_RESULTS */;
/*!40101 SET @OLD_COLLATION_CONNECTION=@@COLLATION_CONNECTION */;
/*!40101 SET NAMES utf8mb4 */;
/*!40103 SET @OLD_TIME_ZONE=@@TIME_ZONE */;
/*!40103 SET TIME_ZONE='+00:00' */;
/*!40014 SET @OLD_UNIQUE_CHECKS=@@UNIQUE_CHECKS, UNIQUE_CHECKS=0 */;
/*!40014 SET @OLD_FOREIGN_KEY_CHECKS=@@FOREIGN_KEY_CHECKS, FOREIGN_KEY_CHECKS=0 */;
/*!40101 SET @OLD_SQL_MODE=@@SQL_MODE, SQL_MODE='NO_AUTO_VALUE_ON_ZERO' */;
/*!40111 SET @OLD_SQL_NOTES=@@SQL_NOTES, SQL_NOTES=0 */;

--
-- Table structure for table `actions`
--

DROP TABLE IF EXISTS `actions`;
/*!40101 SET @saved_cs_client     = @@character_set_client */;
/*!40101 SET character_set_client = utf8 */;
CREATE TABLE `actions` (
  `id` int(11) NOT NULL AUTO_INCREMENT,
  `time` bigint(20) NOT NULL,
  `actor_uuid` varchar(36) NOT NULL,
  `actor_name` varchar(100) NOT NULL,
  `type` char(1) NOT NULL,
  `acted_uuid` varchar(36) NOT NULL,
  `acted_name` varchar(36) NOT NULL,
  `action` varchar(300) NOT NULL,
  PRIMARY KEY (`id`)
) ENGINE=InnoDB AUTO_INCREMENT=439 DEFAULT CHARSET=utf8mb4;
/*!40101 SET character_set_client = @saved_cs_client */;

--
-- Dumping data for table `actions`
--

LOCK TABLES `actions` WRITE;
/*!40000 ALTER TABLE `actions` DISABLE KEYS */;
INSERT INTO `actions` VALUES (1,1597529105,'00000000-0000-0000-0000-000000000000','Console','G','null','default','webeditor add nukkit.command.seed false'),(2,1597529105,'00000000-0000-0000-0000-000000000000','Console','G','null','default','webeditor add nukkit.command.gamemode.survival false'),(3,1597529105,'00000000-0000-0000-0000-000000000000','Console','G','null','default','webeditor add nukkit.command.time.add false'),(4,1597529105,'00000000-0000-0000-0000-000000000000','Console','G','null','default','webeditor add staffchat.use false'),(5,1597529105,'00000000-0000-0000-0000-000000000000','Console','G','null','default','webeditor add nukkit.command.whitelist.reload false'),(6,1597529105,'00000000-0000-0000-0000-000000000000','Console','G','null','default','webeditor add staff.log false'),(7,1597529105,'00000000-0000-0000-0000-000000000000','Console','G','null','default','webeditor add freeze false'),(8,1597529105,'00000000-0000-0000-0000-000000000000','Console','G','null','default','webeditor add nukkit.command.op.give false'),(9,1597529105,'00000000-0000-0000-0000-000000000000','Console','G','null','default','webeditor add nukkit.command.op false'),(10,1597529105,'00000000-0000-0000-0000-000000000000','Console','G','null','default','webeditor add mobplugin false'),(11,1597529105,'00000000-0000-0000-0000-000000000000','Console','G','null','default','webeditor add nukkit.command.stop false'),(12,1597529105,'00000000-0000-0000-0000-000000000000','Console','G','null','default','webeditor add nukkit.command.defaultgamemode false'),(13,1597529105,'00000000-0000-0000-0000-000000000000','Console','G','null','default','webeditor add nukkit.command.gamemode.other false'),(14,1597529105,'00000000-0000-0000-0000-000000000000','Console','G','null','default','webeditor add unfreeze.other false'),(15,1597529105,'00000000-0000-0000-0000-000000000000','Console','G','null','default','webeditor add nukkit.command.save.perform false'),(16,1597529105,'00000000-0000-0000-0000-000000000000','Console','G','null','default','webeditor add staff false'),(17,1597529105,'00000000-0000-0000-0000-000000000000','Console','G','null','default','webeditor add nukkit.command.help true'),(18,1597529105,'00000000-0000-0000-0000-000000000000','Console','G','null','default','webeditor add nukkit.command.kick false'),(19,1597529105,'00000000-0000-0000-0000-000000000000','Console','G','null','default','webeditor add nukkit.command.say false'),(20,1597529105,'00000000-0000-0000-0000-000000000000','Console','G','null','default','webeditor add nukkit.command.time.start false'),(21,1597529105,'00000000-0000-0000-0000-000000000000','Console','G','null','default','webeditor add worldprotect.command false'),(22,1597529105,'00000000-0000-0000-0000-000000000000','Console','G','null','default','webeditor add nukkit.command.xp false'),(23,1597529105,'00000000-0000-0000-0000-000000000000','Console','G','null','default','webeditor add nukkit.command.debug false'),(24,1597529105,'00000000-0000-0000-0000-000000000000','Console','G','null','default','webeditor add unfreeze false'),(25,1597529105,'00000000-0000-0000-0000-000000000000','Console','G','null','default','webeditor add nukkit.command.plugins false'),(26,1597529105,'00000000-0000-0000-0000-000000000000','Console','G','null','default','webeditor add nukkit.broadcast false'),(27,1597529105,'00000000-0000-0000-0000-000000000000','Console','G','null','default','webeditor add nukkit.command.status false'),(28,1597529105,'00000000-0000-0000-0000-000000000000','Console','G','null','default','webeditor add nukkit.command.gamerule false'),(29,1597529105,'00000000-0000-0000-0000-000000000000','Console','G','null','default','webeditor add nukkit.command.unban.ip false'),(30,1597529105,'00000000-0000-0000-0000-000000000000','Console','G','null','default','webeditor add nukkit.command.give false'),(31,1597529105,'00000000-0000-0000-0000-000000000000','Console','G','null','default','webeditor add nukkit.command.gamemode.creative false'),(32,1597529105,'00000000-0000-0000-0000-000000000000','Console','G','null','default','webeditor add nukkit.command.me false'),(33,1597529105,'00000000-0000-0000-0000-000000000000','Console','G','null','default','webeditor add nukkit.command.particle false'),(34,1597529105,'00000000-0000-0000-0000-000000000000','Console','G','null','default','webeditor add nukkit.command.gc false'),(35,1597529105,'00000000-0000-0000-0000-000000000000','Console','G','null','default','webeditor add nukkit.command.reload false'),(36,1597529105,'00000000-0000-0000-0000-000000000000','Console','G','null','default','webeditor add nukkit.command.kill.other false'),(37,1597529105,'00000000-0000-0000-0000-000000000000','Console','G','null','default','webeditor add nukkit.command.list false'),(38,1597529105,'00000000-0000-0000-0000-000000000000','Console','G','null','default','webeditor add nukkit.command.whitelist false'),(39,1597529105,'00000000-0000-0000-0000-000000000000','Console','G','null','default','webeditor add nukkit.command.save.disable false'),(40,1597529105,'00000000-0000-0000-0000-000000000000','Console','G','null','default','webeditor add nukkit.command.save false'),(41,1597529105,'00000000-0000-0000-0000-000000000000','Console','G','null','default','webeditor add mobplugin.command false'),(42,1597529105,'00000000-0000-0000-0000-000000000000','Console','G','null','default','webeditor add nukkit.command.debug.perform false'),(43,1597529105,'00000000-0000-0000-0000-000000000000','Console','G','null','default','webeditor add nukkit.command.unban false'),(44,1597529105,'00000000-0000-0000-0000-000000000000','Console','G','null','default','webeditor add nukkit.command.unban.player false'),(45,1597529105,'00000000-0000-0000-0000-000000000000','Console','G','null','default','webeditor add unfreeze.all false'),(46,1597529105,'00000000-0000-0000-0000-000000000000','Console','G','null','default','webeditor add nukkit.command.whitelist.add false'),(47,1597529105,'00000000-0000-0000-0000-000000000000','Console','G','null','default','webeditor add nukkit.command.whitelist.enable false'),(48,1597529105,'00000000-0000-0000-0000-000000000000','Console','G','null','default','webeditor add nukkit.command.whitelist.disable false'),(49,1597529105,'00000000-0000-0000-0000-000000000000','Console','G','null','default','webeditor add nukkit.command.title false'),(50,1597529105,'00000000-0000-0000-0000-000000000000','Console','G','null','default','webeditor add nukkit.command.time false'),(51,1597529105,'00000000-0000-0000-0000-000000000000','Console','G','null','default','webeditor add nukkit.command.time.set false'),(52,1597529105,'00000000-0000-0000-0000-000000000000','Console','G','null','default','webeditor add nukkit.command.difficulty false'),(53,1597529105,'00000000-0000-0000-0000-000000000000','Console','G','null','default','webeditor add nukkit.command.kill false'),(54,1597529105,'00000000-0000-0000-0000-000000000000','Console','G','null','default','webeditor add nukkit.command.tell false'),(55,1597529105,'00000000-0000-0000-0000-000000000000','Console','G','null','default','webeditor add nukkit.command.teleport false'),(56,1597529105,'00000000-0000-0000-0000-000000000000','Console','G','null','default','webeditor add unfreeze.self false'),(57,1597529105,'00000000-0000-0000-0000-000000000000','Console','G','null','default','webeditor add staff.quit false'),(58,1597529105,'00000000-0000-0000-0000-000000000000','Console','G','null','default','webeditor add nukkit.command.ban.list false'),(59,1597529105,'00000000-0000-0000-0000-000000000000','Console','G','null','default','webeditor add staffchat false'),(60,1597529105,'00000000-0000-0000-0000-000000000000','Console','G','null','default','webeditor add freeze.* false'),(61,1597529105,'00000000-0000-0000-0000-000000000000','Console','G','null','default','webeditor add luckperms false'),(62,1597529105,'00000000-0000-0000-0000-000000000000','Console','G','null','default','webeditor add nukkit.command.whitelist.list false'),(63,1597529105,'00000000-0000-0000-0000-000000000000','Console','G','null','default','webeditor add nukkit.command.enchant false'),(64,1597529105,'00000000-0000-0000-0000-000000000000','Console','G','null','default','webeditor add nukkit.command.op.take false'),(65,1597529105,'00000000-0000-0000-0000-000000000000','Console','G','null','default','webeditor add nukkit.command.gamemode false'),(66,1597529105,'00000000-0000-0000-0000-000000000000','Console','G','null','default','webeditor add staff.chat false'),(67,1597529105,'00000000-0000-0000-0000-000000000000','Console','G','null','default','webeditor add nukkit.command.timings false'),(68,1597529105,'00000000-0000-0000-0000-000000000000','Console','G','null','default','webeditor add luckperms.* false'),(69,1597529105,'00000000-0000-0000-0000-000000000000','Console','G','null','default','webeditor add nukkit.command.effect false'),(70,1597529105,'00000000-0000-0000-0000-000000000000','Console','G','null','default','webeditor add staff.welcome false'),(71,1597529105,'00000000-0000-0000-0000-000000000000','Console','G','null','default','webeditor add nukkit.command.whitelist.remove false'),(72,1597529105,'00000000-0000-0000-0000-000000000000','Console','G','null','default','webeditor add nukkit.command.save.enable false'),(73,1597529105,'00000000-0000-0000-0000-000000000000','Console','G','null','default','webeditor add worldprotect false'),(74,1597529105,'00000000-0000-0000-0000-000000000000','Console','G','null','default','webeditor add nukkit.command.ban.ip false'),(75,1597529105,'00000000-0000-0000-0000-000000000000','Console','G','null','default','webeditor add nukkit.command.kill.self false'),(76,1597529105,'00000000-0000-0000-0000-000000000000','Console','G','null','default','webeditor add nukkit.command.ban false'),(77,1597529105,'00000000-0000-0000-0000-000000000000','Console','G','null','default','webeditor add nukkit.command.gamemode.adventure false'),(78,1597529105,'00000000-0000-0000-0000-000000000000','Console','G','null','default','webeditor add nukkit.command.time.query false'),(79,1597529105,'00000000-0000-0000-0000-000000000000','Console','G','null','default','webeditor add nukkit.command.time.stop false'),(80,1597529105,'00000000-0000-0000-0000-000000000000','Console','G','null','default','webeditor add nukkit.command.weather false'),(81,1597529105,'00000000-0000-0000-0000-000000000000','Console','G','null','default','webeditor add nukkit.command.setworldspawn false'),(82,1597529105,'00000000-0000-0000-0000-000000000000','Console','G','null','default','webeditor add nukkit.command.ban.player false'),(83,1597529105,'00000000-0000-0000-0000-000000000000','Console','G','null','default','webeditor add nukkit.broadcast.user false'),(84,1597529105,'00000000-0000-0000-0000-000000000000','Console','G','null','default','webeditor add nukkit.command.version false'),(85,1597529105,'00000000-0000-0000-0000-000000000000','Console','G','null','default','webeditor add nukkit.broadcast.admin false'),(86,1597529105,'00000000-0000-0000-0000-000000000000','Console','G','null','default','webeditor add nukkit.command.gamemode.spectator false'),(87,1597531089,'00000000-0000-0000-0000-000000000000','Console','G','null','owner','create'),(88,1597531097,'00000000-0000-0000-0000-000000000000','Console','G','null','staff','create'),(89,1597531112,'00000000-0000-0000-0000-000000000000','Console','G','null','chat-mod','create'),(90,1597531119,'00000000-0000-0000-0000-000000000000','Console','G','null','mod','create'),(91,1597531409,'00000000-0000-0000-0000-000000000000','Console','G','null','owner','meta addprefix 5 &f[&6O&9W&aN&bE&eR&f]'),(92,1597531487,'00000000-0000-0000-0000-000000000000','Console','G','null','staff','meta addprefix 4 &e[Staff]'),(93,1597531497,'00000000-0000-0000-0000-000000000000','Console','G','null','staff','meta addprefix 2 &e[Staff]'),(94,1597531541,'00000000-0000-0000-0000-000000000000','Console','G','null','chat-mod','meta addprefix 3 &6[Chat server=mod]'),(95,1597531592,'00000000-0000-0000-0000-000000000000','Console','G','null','chat-mod','delete'),(96,1597531601,'00000000-0000-0000-0000-000000000000','Console','G','null','chatmod','create'),(97,1597531612,'00000000-0000-0000-0000-000000000000','Console','G','null','chatmod','meta addprefix 3 &6[Chat server=mod]'),(98,1597531630,'00000000-0000-0000-0000-000000000000','Console','G','null','chatmod','meta addprefix 3 &6[Chat-Mod]'),(99,1597531691,'00000000-0000-0000-0000-000000000000','Console','G','null','mod','meta addprefix 4 &c[Mod]'),(100,1597531834,'00000000-0000-0000-0000-000000000000','Console','G','null','chatmod','webeditor remove prefix.3.&6[Chat true server=mod]'),(101,1597531834,'00000000-0000-0000-0000-000000000000','Console','G','null','default','webeditor add prefix.1.&f[Member] true'),(102,1597531834,'00000000-0000-0000-0000-000000000000','Console','G','null','staff','webeditor remove prefix.4.&e[Staff] true'),(103,1597533604,'00000000-0000-0000-0000-000000000000','Console','G','null','chatmod','webeditor add nukkit.command.seed false'),(104,1597533604,'00000000-0000-0000-0000-000000000000','Console','G','null','chatmod','webeditor add nukkit.command.gamemode.survival false'),(105,1597533604,'00000000-0000-0000-0000-000000000000','Console','G','null','chatmod','webeditor add nukkit.command.time.add false'),(106,1597533604,'00000000-0000-0000-0000-000000000000','Console','G','null','chatmod','webeditor add nukkit.command.unban true'),(107,1597533604,'00000000-0000-0000-0000-000000000000','Console','G','null','chatmod','webeditor add freeze false'),(108,1597533604,'00000000-0000-0000-0000-000000000000','Console','G','null','chatmod','webeditor add nukkit.command.whitelist.reload false'),(109,1597533604,'00000000-0000-0000-0000-000000000000','Console','G','null','chatmod','webeditor add nukkit.command.help true'),(110,1597533604,'00000000-0000-0000-0000-000000000000','Console','G','null','chatmod','webeditor add nukkit.command.op false'),(111,1597533604,'00000000-0000-0000-0000-000000000000','Console','G','null','chatmod','webeditor add nukkit.command.time.start false'),(112,1597533604,'00000000-0000-0000-0000-000000000000','Console','G','null','chatmod','webeditor add worldprotect.command false'),(113,1597533604,'00000000-0000-0000-0000-000000000000','Console','G','null','chatmod','webeditor add nukkit.command.stop false'),(114,1597533604,'00000000-0000-0000-0000-000000000000','Console','G','null','chatmod','webeditor add nukkit.command.gamemode.other false'),(115,1597533604,'00000000-0000-0000-0000-000000000000','Console','G','null','chatmod','webeditor add nukkit.textcolor false'),(116,1597533604,'00000000-0000-0000-0000-000000000000','Console','G','null','chatmod','webeditor add nukkit.command.debug false'),(117,1597533604,'00000000-0000-0000-0000-000000000000','Console','G','null','chatmod','webeditor add unfreeze false'),(118,1597533604,'00000000-0000-0000-0000-000000000000','Console','G','null','chatmod','webeditor add nukkit.command.op.give false'),(119,1597533604,'00000000-0000-0000-0000-000000000000','Console','G','null','chatmod','webeditor add nukkit.command.plugins false'),(120,1597533604,'00000000-0000-0000-0000-000000000000','Console','G','null','chatmod','webeditor add nukkit.command.ban.ip true'),(121,1597533604,'00000000-0000-0000-0000-000000000000','Console','G','null','chatmod','webeditor add staff.welcome true'),(122,1597533604,'00000000-0000-0000-0000-000000000000','Console','G','null','chatmod','webeditor add staff.chat true'),(123,1597533604,'00000000-0000-0000-0000-000000000000','Console','G','null','chatmod','webeditor add nukkit.command.gamerule false'),(124,1597533604,'00000000-0000-0000-0000-000000000000','Console','G','null','chatmod','webeditor add nukkit.command.tell true'),(125,1597533604,'00000000-0000-0000-0000-000000000000','Console','G','null','chatmod','webeditor add nukkit.command.status false'),(126,1597533604,'00000000-0000-0000-0000-000000000000','Console','G','null','chatmod','webeditor add nukkit.command.give false'),(127,1597533604,'00000000-0000-0000-0000-000000000000','Console','G','null','chatmod','webeditor add nukkit.command.gamemode.creative false'),(128,1597533604,'00000000-0000-0000-0000-000000000000','Console','G','null','chatmod','webeditor add nukkit.command.xp false'),(129,1597533604,'00000000-0000-0000-0000-000000000000','Console','G','null','chatmod','webeditor add nukkit.command.particle false'),(130,1597533604,'00000000-0000-0000-0000-000000000000','Console','G','null','chatmod','webeditor add staffchat true'),(131,1597533604,'00000000-0000-0000-0000-000000000000','Console','G','null','chatmod','webeditor add nukkit.command.me false'),(132,1597533604,'00000000-0000-0000-0000-000000000000','Console','G','null','chatmod','webeditor add nukkit.command.ban.player true'),(133,1597533604,'00000000-0000-0000-0000-000000000000','Console','G','null','chatmod','webeditor add unfreeze.other false'),(134,1597533604,'00000000-0000-0000-0000-000000000000','Console','G','null','chatmod','webeditor add nukkit.command.gc false'),(135,1597533604,'00000000-0000-0000-0000-000000000000','Console','G','null','chatmod','webeditor add nukkit.command.ban true'),(136,1597533604,'00000000-0000-0000-0000-000000000000','Console','G','null','chatmod','webeditor add nukkit.command.reload false'),(137,1597533604,'00000000-0000-0000-0000-000000000000','Console','G','null','chatmod','webeditor add nukkit.command.kill.other false'),(138,1597533604,'00000000-0000-0000-0000-000000000000','Console','G','null','chatmod','webeditor add nukkit.command.whitelist false'),(139,1597533604,'00000000-0000-0000-0000-000000000000','Console','G','null','chatmod','webeditor add nukkit.command.save.disable false'),(140,1597533604,'00000000-0000-0000-0000-000000000000','Console','G','null','chatmod','webeditor add nukkit.command.save false'),(141,1597533604,'00000000-0000-0000-0000-000000000000','Console','G','null','chatmod','webeditor add nukkit.command.debug.perform false'),(142,1597533604,'00000000-0000-0000-0000-000000000000','Console','G','null','chatmod','webeditor add nukkit.command.save.perform false'),(143,1597533604,'00000000-0000-0000-0000-000000000000','Console','G','null','chatmod','webeditor add staffchat.use true'),(144,1597533604,'00000000-0000-0000-0000-000000000000','Console','G','null','chatmod','webeditor add nukkit.command.list true'),(145,1597533604,'00000000-0000-0000-0000-000000000000','Console','G','null','chatmod','webeditor add freeze.* false'),(146,1597533604,'00000000-0000-0000-0000-000000000000','Console','G','null','chatmod','webeditor add staff true'),(147,1597533604,'00000000-0000-0000-0000-000000000000','Console','G','null','chatmod','webeditor add nukkit.command.defaultgamemode false'),(148,1597533604,'00000000-0000-0000-0000-000000000000','Console','G','null','chatmod','webeditor add nukkit.command.whitelist.add false'),(149,1597533604,'00000000-0000-0000-0000-000000000000','Console','G','null','chatmod','webeditor add nukkit.command.time false'),(150,1597533604,'00000000-0000-0000-0000-000000000000','Console','G','null','chatmod','webeditor add nukkit.command.title false'),(151,1597533604,'00000000-0000-0000-0000-000000000000','Console','G','null','chatmod','webeditor add nukkit.command.kill.self true'),(152,1597533604,'00000000-0000-0000-0000-000000000000','Console','G','null','chatmod','webeditor add nukkit.command.whitelist.disable false'),(153,1597533604,'00000000-0000-0000-0000-000000000000','Console','G','null','chatmod','webeditor add nukkit.command.teleport false'),(154,1597533604,'00000000-0000-0000-0000-000000000000','Console','G','null','chatmod','webeditor add unfreeze.all false'),(155,1597533604,'00000000-0000-0000-0000-000000000000','Console','G','null','chatmod','webeditor add nukkit.command.difficulty false'),(156,1597533604,'00000000-0000-0000-0000-000000000000','Console','G','null','chatmod','webeditor add nukkit.command.time.set false'),(157,1597533604,'00000000-0000-0000-0000-000000000000','Console','G','null','chatmod','webeditor add unfreeze.self false'),(158,1597533604,'00000000-0000-0000-0000-000000000000','Console','G','null','chatmod','webeditor add nukkit.command.enchant false'),(159,1597533604,'00000000-0000-0000-0000-000000000000','Console','G','null','chatmod','webeditor add nukkit.command.whitelist.enable false'),(160,1597533604,'00000000-0000-0000-0000-000000000000','Console','G','null','chatmod','webeditor add nukkit.command.whitelist.list false'),(161,1597533604,'00000000-0000-0000-0000-000000000000','Console','G','null','chatmod','webeditor add nukkit.command.op.take false'),(162,1597533604,'00000000-0000-0000-0000-000000000000','Console','G','null','chatmod','webeditor add nukkit.command.gamemode false'),(163,1597533604,'00000000-0000-0000-0000-000000000000','Console','G','null','chatmod','webeditor add nukkit.command.timings false'),(164,1597533604,'00000000-0000-0000-0000-000000000000','Console','G','null','chatmod','webeditor add luckperms.* false'),(165,1597533604,'00000000-0000-0000-0000-000000000000','Console','G','null','chatmod','webeditor add nukkit.command.effect false'),(166,1597533604,'00000000-0000-0000-0000-000000000000','Console','G','null','chatmod','webeditor add nukkit.command.whitelist.remove false'),(167,1597533604,'00000000-0000-0000-0000-000000000000','Console','G','null','chatmod','webeditor add nukkit.command.save.enable false'),(168,1597533604,'00000000-0000-0000-0000-000000000000','Console','G','null','chatmod','webeditor add nukkit.command.kill false'),(169,1597533604,'00000000-0000-0000-0000-000000000000','Console','G','null','chatmod','webeditor add worldprotect false'),(170,1597533604,'00000000-0000-0000-0000-000000000000','Console','G','null','chatmod','webeditor add nukkit.command.unban.ip true'),(171,1597533604,'00000000-0000-0000-0000-000000000000','Console','G','null','chatmod','webeditor add staff.quit true'),(172,1597533604,'00000000-0000-0000-0000-000000000000','Console','G','null','chatmod','webeditor add nukkit.broadcast true'),(173,1597533604,'00000000-0000-0000-0000-000000000000','Console','G','null','chatmod','webeditor add nukkit.command.kick true'),(174,1597533604,'00000000-0000-0000-0000-000000000000','Console','G','null','chatmod','webeditor add nukkit.command.version false'),(175,1597533604,'00000000-0000-0000-0000-000000000000','Console','G','null','chatmod','webeditor add nukkit.command.time.query false'),(176,1597533604,'00000000-0000-0000-0000-000000000000','Console','G','null','chatmod','webeditor add nukkit.command.gamemode.adventure false'),(177,1597533604,'00000000-0000-0000-0000-000000000000','Console','G','null','chatmod','webeditor add nukkit.command.setworldspawn false'),(178,1597533604,'00000000-0000-0000-0000-000000000000','Console','G','null','chatmod','webeditor add nukkit.command.ban.list false'),(179,1597533604,'00000000-0000-0000-0000-000000000000','Console','G','null','chatmod','webeditor add nukkit.command.time.stop false'),(180,1597533604,'00000000-0000-0000-0000-000000000000','Console','G','null','chatmod','webeditor add nukkit.command.unban.player true'),(181,1597533604,'00000000-0000-0000-0000-000000000000','Console','G','null','chatmod','webeditor add nukkit.command.gamemode.spectator false'),(182,1597533604,'00000000-0000-0000-0000-000000000000','Console','G','null','chatmod','webeditor add staff.log true'),(183,1597533604,'00000000-0000-0000-0000-000000000000','Console','G','null','chatmod','webeditor add nukkit.broadcast.admin false'),(184,1597533604,'00000000-0000-0000-0000-000000000000','Console','G','null','chatmod','webeditor add nukkit.command.weather false'),(185,1597533607,'00000000-0000-0000-0000-000000000000','Console','G','null','mod','webeditor add nukkit.command.seed false'),(186,1597533607,'00000000-0000-0000-0000-000000000000','Console','G','null','mod','webeditor add nukkit.command.unban true'),(187,1597533607,'00000000-0000-0000-0000-000000000000','Console','G','null','mod','webeditor add unfreeze.all true'),(188,1597533607,'00000000-0000-0000-0000-000000000000','Console','G','null','mod','webeditor add nukkit.command.stop false'),(189,1597533607,'00000000-0000-0000-0000-000000000000','Console','G','null','mod','webeditor add mobplugin false'),(190,1597533607,'00000000-0000-0000-0000-000000000000','Console','G','null','mod','webeditor add nukkit.command.whitelist.reload false'),(191,1597533607,'00000000-0000-0000-0000-000000000000','Console','G','null','mod','webeditor add nukkit.command.op false'),(192,1597533607,'00000000-0000-0000-0000-000000000000','Console','G','null','mod','webeditor add nukkit.command.op.give false'),(193,1597533607,'00000000-0000-0000-0000-000000000000','Console','G','null','mod','webeditor add nukkit.command.time.add false'),(194,1597533607,'00000000-0000-0000-0000-000000000000','Console','G','null','mod','webeditor add nukkit.command.ban.list true'),(195,1597533607,'00000000-0000-0000-0000-000000000000','Console','G','null','mod','webeditor add nukkit.command.say false'),(196,1597533607,'00000000-0000-0000-0000-000000000000','Console','G','null','mod','webeditor add nukkit.command.kick false'),(197,1597533607,'00000000-0000-0000-0000-000000000000','Console','G','null','mod','webeditor add nukkit.command.defaultgamemode false'),(198,1597533607,'00000000-0000-0000-0000-000000000000','Console','G','null','mod','webeditor add nukkit.command.time.start false'),(199,1597533607,'00000000-0000-0000-0000-000000000000','Console','G','null','mod','webeditor add staffchat true'),(200,1597533607,'00000000-0000-0000-0000-000000000000','Console','G','null','mod','webeditor add unfreeze.self true'),(201,1597533607,'00000000-0000-0000-0000-000000000000','Console','G','null','mod','webeditor add nukkit.textcolor false'),(202,1597533607,'00000000-0000-0000-0000-000000000000','Console','G','null','mod','webeditor add worldprotect.command false'),(203,1597533607,'00000000-0000-0000-0000-000000000000','Console','G','null','mod','webeditor add nukkit.command.save.perform false'),(204,1597533607,'00000000-0000-0000-0000-000000000000','Console','G','null','mod','webeditor add nukkit.command.help true'),(205,1597533607,'00000000-0000-0000-0000-000000000000','Console','G','null','mod','webeditor add nukkit.command.debug false'),(206,1597533607,'00000000-0000-0000-0000-000000000000','Console','G','null','mod','webeditor add nukkit.command.ban.ip true'),(207,1597533607,'00000000-0000-0000-0000-000000000000','Console','G','null','mod','webeditor add nukkit.command.plugins false'),(208,1597533607,'00000000-0000-0000-0000-000000000000','Console','G','null','mod','webeditor add staff.welcome true'),(209,1597533607,'00000000-0000-0000-0000-000000000000','Console','G','null','mod','webeditor add nukkit.command.gamemode.other false'),(210,1597533607,'00000000-0000-0000-0000-000000000000','Console','G','null','mod','webeditor add nukkit.command.status false'),(211,1597533607,'00000000-0000-0000-0000-000000000000','Console','G','null','mod','webeditor add staff.chat true'),(212,1597533607,'00000000-0000-0000-0000-000000000000','Console','G','null','mod','webeditor add nukkit.command.xp false'),(213,1597533607,'00000000-0000-0000-0000-000000000000','Console','G','null','mod','webeditor add nukkit.command.ban.player true'),(214,1597533607,'00000000-0000-0000-0000-000000000000','Console','G','null','mod','webeditor add nukkit.command.tell true'),(215,1597533607,'00000000-0000-0000-0000-000000000000','Console','G','null','mod','webeditor add nukkit.command.gamemode.spectator true'),(216,1597533607,'00000000-0000-0000-0000-000000000000','Console','G','null','mod','webeditor add nukkit.command.particle false'),(217,1597533607,'00000000-0000-0000-0000-000000000000','Console','G','null','mod','webeditor add nukkit.broadcast.admin true'),(218,1597533607,'00000000-0000-0000-0000-000000000000','Console','G','null','mod','webeditor add nukkit.command.gamemode.creative false'),(219,1597533607,'00000000-0000-0000-0000-000000000000','Console','G','null','mod','webeditor add nukkit.command.gc false'),(220,1597533607,'00000000-0000-0000-0000-000000000000','Console','G','null','mod','webeditor add nukkit.command.gamerule false'),(221,1597533607,'00000000-0000-0000-0000-000000000000','Console','G','null','mod','webeditor add nukkit.command.ban true'),(222,1597533607,'00000000-0000-0000-0000-000000000000','Console','G','null','mod','webeditor add nukkit.command.kill.other false'),(223,1597533607,'00000000-0000-0000-0000-000000000000','Console','G','null','mod','webeditor add nukkit.command.whitelist false'),(224,1597533607,'00000000-0000-0000-0000-000000000000','Console','G','null','mod','webeditor add nukkit.command.list false'),(225,1597533607,'00000000-0000-0000-0000-000000000000','Console','G','null','mod','webeditor add nukkit.command.save.disable false'),(226,1597533607,'00000000-0000-0000-0000-000000000000','Console','G','null','mod','webeditor add nukkit.command.save false'),(227,1597533607,'00000000-0000-0000-0000-000000000000','Console','G','null','mod','webeditor add nukkit.broadcast.user true'),(228,1597533607,'00000000-0000-0000-0000-000000000000','Console','G','null','mod','webeditor add mobplugin.command false'),(229,1597533607,'00000000-0000-0000-0000-000000000000','Console','G','null','mod','webeditor add freeze.other true'),(230,1597533607,'00000000-0000-0000-0000-000000000000','Console','G','null','mod','webeditor add nukkit.command.reload false'),(231,1597533607,'00000000-0000-0000-0000-000000000000','Console','G','null','mod','webeditor add staff.log true'),(232,1597533607,'00000000-0000-0000-0000-000000000000','Console','G','null','mod','webeditor add luckperms false'),(233,1597533607,'00000000-0000-0000-0000-000000000000','Console','G','null','mod','webeditor add staffchat.use true'),(234,1597533607,'00000000-0000-0000-0000-000000000000','Console','G','null','mod','webeditor add nukkit.command.give false'),(235,1597533607,'00000000-0000-0000-0000-000000000000','Console','G','null','mod','webeditor add nukkit.command.list true'),(236,1597533607,'00000000-0000-0000-0000-000000000000','Console','G','null','mod','webeditor add freeze true'),(237,1597533607,'00000000-0000-0000-0000-000000000000','Console','G','null','mod','webeditor add nukkit.command.kill false'),(238,1597533607,'00000000-0000-0000-0000-000000000000','Console','G','null','mod','webeditor add nukkit.command.whitelist.add false'),(239,1597533607,'00000000-0000-0000-0000-000000000000','Console','G','null','mod','webeditor add nukkit.command.time false'),(240,1597533607,'00000000-0000-0000-0000-000000000000','Console','G','null','mod','webeditor add nukkit.command.whitelist.enable false'),(241,1597533607,'00000000-0000-0000-0000-000000000000','Console','G','null','mod','webeditor add nukkit.command.kill.self true'),(242,1597533607,'00000000-0000-0000-0000-000000000000','Console','G','null','mod','webeditor add nukkit.command.title false'),(243,1597533607,'00000000-0000-0000-0000-000000000000','Console','G','null','mod','webeditor add nukkit.command.difficulty false'),(244,1597533607,'00000000-0000-0000-0000-000000000000','Console','G','null','mod','webeditor add nukkit.command.whitelist.disable false'),(245,1597533607,'00000000-0000-0000-0000-000000000000','Console','G','null','mod','webeditor add nukkit.command.gamemode.survival true'),(246,1597533607,'00000000-0000-0000-0000-000000000000','Console','G','null','mod','webeditor add staff true'),(247,1597533607,'00000000-0000-0000-0000-000000000000','Console','G','null','mod','webeditor add nukkit.command.time.set false'),(248,1597533607,'00000000-0000-0000-0000-000000000000','Console','G','null','mod','webeditor add nukkit.command.enchant false'),(249,1597533607,'00000000-0000-0000-0000-000000000000','Console','G','null','mod','webeditor add nukkit.command.whitelist.list false'),(250,1597533607,'00000000-0000-0000-0000-000000000000','Console','G','null','mod','webeditor add nukkit.command.debug.perform false'),(251,1597533607,'00000000-0000-0000-0000-000000000000','Console','G','null','mod','webeditor add nukkit.command.timings false'),(252,1597533607,'00000000-0000-0000-0000-000000000000','Console','G','null','mod','webeditor add nukkit.command.op.take false'),(253,1597533607,'00000000-0000-0000-0000-000000000000','Console','G','null','mod','webeditor add luckperms.* false'),(254,1597533607,'00000000-0000-0000-0000-000000000000','Console','G','null','mod','webeditor add nukkit.command.effect false'),(255,1597533607,'00000000-0000-0000-0000-000000000000','Console','G','null','mod','webeditor add nukkit.command.whitelist.remove false'),(256,1597533607,'00000000-0000-0000-0000-000000000000','Console','G','null','mod','webeditor add unfreeze true'),(257,1597533607,'00000000-0000-0000-0000-000000000000','Console','G','null','mod','webeditor add nukkit.command.save.enable false'),(258,1597533607,'00000000-0000-0000-0000-000000000000','Console','G','null','mod','webeditor add worldprotect false'),(259,1597533607,'00000000-0000-0000-0000-000000000000','Console','G','null','mod','webeditor add nukkit.command.unban.ip true'),(260,1597533607,'00000000-0000-0000-0000-000000000000','Console','G','null','mod','webeditor add unfreeze.other true'),(261,1597533607,'00000000-0000-0000-0000-000000000000','Console','G','null','mod','webeditor add nukkit.broadcast true'),(262,1597533607,'00000000-0000-0000-0000-000000000000','Console','G','null','mod','webeditor add nukkit.command.version false'),(263,1597533607,'00000000-0000-0000-0000-000000000000','Console','G','null','mod','webeditor add nukkit.command.kick true'),(264,1597533607,'00000000-0000-0000-0000-000000000000','Console','G','null','mod','webeditor add nukkit.command.time.query false'),(265,1597533607,'00000000-0000-0000-0000-000000000000','Console','G','null','mod','webeditor add nukkit.command.gamemode.adventure false'),(266,1597533607,'00000000-0000-0000-0000-000000000000','Console','G','null','mod','webeditor add staff.quit true'),(267,1597533607,'00000000-0000-0000-0000-000000000000','Console','G','null','mod','webeditor add nukkit.command.unban.player true'),(268,1597533607,'00000000-0000-0000-0000-000000000000','Console','G','null','mod','webeditor add nukkit.command.weather false'),(269,1597533607,'00000000-0000-0000-0000-000000000000','Console','G','null','mod','webeditor add nukkit.command.time.stop false'),(270,1597533607,'00000000-0000-0000-0000-000000000000','Console','G','null','mod','webeditor add nukkit.command.setworldspawn false'),(271,1597533607,'00000000-0000-0000-0000-000000000000','Console','G','null','owner','webeditor add * true'),(272,1597533607,'00000000-0000-0000-0000-000000000000','Console','G','null','staff','webeditor add nukkit.command.seed false'),(273,1597533607,'00000000-0000-0000-0000-000000000000','Console','G','null','staff','webeditor add nukkit.command.time.add false'),(274,1597533607,'00000000-0000-0000-0000-000000000000','Console','G','null','staff','webeditor add nukkit.command.unban true'),(275,1597533607,'00000000-0000-0000-0000-000000000000','Console','G','null','staff','webeditor add nukkit.command.op.give false'),(276,1597533607,'00000000-0000-0000-0000-000000000000','Console','G','null','staff','webeditor add freeze false'),(277,1597533607,'00000000-0000-0000-0000-000000000000','Console','G','null','staff','webeditor add nukkit.command.whitelist.reload false'),(278,1597533607,'00000000-0000-0000-0000-000000000000','Console','G','null','staff','webeditor add nukkit.command.op false'),(279,1597533607,'00000000-0000-0000-0000-000000000000','Console','G','null','staff','webeditor add nukkit.command.stop false'),(280,1597533607,'00000000-0000-0000-0000-000000000000','Console','G','null','staff','webeditor add mobplugin false'),(281,1597533607,'00000000-0000-0000-0000-000000000000','Console','G','null','staff','webeditor add nukkit.command.gamemode.other false'),(282,1597533607,'00000000-0000-0000-0000-000000000000','Console','G','null','staff','webeditor add nukkit.command.say false'),(283,1597533607,'00000000-0000-0000-0000-000000000000','Console','G','null','staff','webeditor add nukkit.command.help true'),(284,1597533607,'00000000-0000-0000-0000-000000000000','Console','G','null','staff','webeditor add freeze.all false'),(285,1597533607,'00000000-0000-0000-0000-000000000000','Console','G','null','staff','webeditor add nukkit.command.time.start false'),(286,1597533607,'00000000-0000-0000-0000-000000000000','Console','G','null','staff','webeditor add nukkit.command.save.perform false'),(287,1597533607,'00000000-0000-0000-0000-000000000000','Console','G','null','staff','webeditor add unfreeze.other false'),(288,1597533607,'00000000-0000-0000-0000-000000000000','Console','G','null','staff','webeditor add nukkit.command.defaultgamemode false'),(289,1597533607,'00000000-0000-0000-0000-000000000000','Console','G','null','staff','webeditor add nukkit.command.give false'),(290,1597533607,'00000000-0000-0000-0000-000000000000','Console','G','null','staff','webeditor add nukkit.command.xp false'),(291,1597533607,'00000000-0000-0000-0000-000000000000','Console','G','null','staff','webeditor add nukkit.command.debug false'),(292,1597533607,'00000000-0000-0000-0000-000000000000','Console','G','null','staff','webeditor add staffchat true'),(293,1597533607,'00000000-0000-0000-0000-000000000000','Console','G','null','staff','webeditor add worldprotect.command false'),(294,1597533607,'00000000-0000-0000-0000-000000000000','Console','G','null','staff','webeditor add nukkit.textcolor false'),(295,1597533607,'00000000-0000-0000-0000-000000000000','Console','G','null','staff','webeditor add unfreeze false'),(296,1597533607,'00000000-0000-0000-0000-000000000000','Console','G','null','staff','webeditor add staff.welcome true'),(297,1597533607,'00000000-0000-0000-0000-000000000000','Console','G','null','staff','webeditor add nukkit.command.gamerule false'),(298,1597533607,'00000000-0000-0000-0000-000000000000','Console','G','null','staff','webeditor add staff.chat true'),(299,1597533607,'00000000-0000-0000-0000-000000000000','Console','G','null','staff','webeditor add nukkit.command.status false'),(300,1597533607,'00000000-0000-0000-0000-000000000000','Console','G','null','staff','webeditor add nukkit.command.gamemode.creative false'),(301,1597533607,'00000000-0000-0000-0000-000000000000','Console','G','null','staff','webeditor add nukkit.command.particle false'),(302,1597533607,'00000000-0000-0000-0000-000000000000','Console','G','null','staff','webeditor add nukkit.command.ban.player true'),(303,1597533607,'00000000-0000-0000-0000-000000000000','Console','G','null','staff','webeditor add nukkit.command.gamemode.spectator true'),(304,1597533607,'00000000-0000-0000-0000-000000000000','Console','G','null','staff','webeditor add nukkit.command.gc false'),(305,1597533607,'00000000-0000-0000-0000-000000000000','Console','G','null','staff','webeditor add nukkit.command.me false'),(306,1597533607,'00000000-0000-0000-0000-000000000000','Console','G','null','staff','webeditor add nukkit.command.plugins false'),(307,1597533607,'00000000-0000-0000-0000-000000000000','Console','G','null','staff','webeditor add nukkit.command.tell true'),(308,1597533607,'00000000-0000-0000-0000-000000000000','Console','G','null','staff','webeditor add nukkit.command.reload false'),(309,1597533607,'00000000-0000-0000-0000-000000000000','Console','G','null','staff','webeditor add nukkit.command.kill.other false'),(310,1597533607,'00000000-0000-0000-0000-000000000000','Console','G','null','staff','webeditor add nukkit.command.whitelist false'),(311,1597533607,'00000000-0000-0000-0000-000000000000','Console','G','null','staff','webeditor add nukkit.command.list false'),(312,1597533607,'00000000-0000-0000-0000-000000000000','Console','G','null','staff','webeditor add nukkit.command.save.disable false'),(313,1597533607,'00000000-0000-0000-0000-000000000000','Console','G','null','staff','webeditor add nukkit.command.save false'),(314,1597533607,'00000000-0000-0000-0000-000000000000','Console','G','null','staff','webeditor add mobplugin.command false'),(315,1597533607,'00000000-0000-0000-0000-000000000000','Console','G','null','staff','webeditor add staff.log true'),(316,1597533607,'00000000-0000-0000-0000-000000000000','Console','G','null','staff','webeditor add nukkit.command.ban.ip true'),(317,1597533607,'00000000-0000-0000-0000-000000000000','Console','G','null','staff','webeditor add staffchat.use true'),(318,1597533607,'00000000-0000-0000-0000-000000000000','Console','G','null','staff','webeditor add luckperms false'),(319,1597533607,'00000000-0000-0000-0000-000000000000','Console','G','null','staff','webeditor add nukkit.command.gamemode.survival true'),(320,1597533607,'00000000-0000-0000-0000-000000000000','Console','G','null','staff','webeditor add unfreeze.all false'),(321,1597533607,'00000000-0000-0000-0000-000000000000','Console','G','null','staff','webeditor add staff true'),(322,1597533607,'00000000-0000-0000-0000-000000000000','Console','G','null','staff','webeditor add nukkit.command.whitelist.add false'),(323,1597533607,'00000000-0000-0000-0000-000000000000','Console','G','null','staff','webeditor add nukkit.command.time false'),(324,1597533607,'00000000-0000-0000-0000-000000000000','Console','G','null','staff','webeditor add nukkit.command.debug.perform false'),(325,1597533607,'00000000-0000-0000-0000-000000000000','Console','G','null','staff','webeditor add nukkit.command.kill.self true'),(326,1597533607,'00000000-0000-0000-0000-000000000000','Console','G','null','staff','webeditor add nukkit.command.whitelist.enable false'),(327,1597533607,'00000000-0000-0000-0000-000000000000','Console','G','null','staff','webeditor add nukkit.command.whitelist.disable false'),(328,1597533607,'00000000-0000-0000-0000-000000000000','Console','G','null','staff','webeditor add nukkit.command.difficulty false'),(329,1597533607,'00000000-0000-0000-0000-000000000000','Console','G','null','staff','webeditor add nukkit.command.time.set false'),(330,1597533607,'00000000-0000-0000-0000-000000000000','Console','G','null','staff','webeditor add unfreeze.self false'),(331,1597533607,'00000000-0000-0000-0000-000000000000','Console','G','null','staff','webeditor add nukkit.command.enchant false'),(332,1597533607,'00000000-0000-0000-0000-000000000000','Console','G','null','staff','webeditor add nukkit.command.whitelist.list false'),(333,1597533607,'00000000-0000-0000-0000-000000000000','Console','G','null','staff','webeditor add nukkit.command.ban true'),(334,1597533607,'00000000-0000-0000-0000-000000000000','Console','G','null','staff','webeditor add nukkit.command.timings false'),(335,1597533607,'00000000-0000-0000-0000-000000000000','Console','G','null','staff','webeditor add nukkit.command.op.take false'),(336,1597533607,'00000000-0000-0000-0000-000000000000','Console','G','null','staff','webeditor add nukkit.command.effect false'),(337,1597533607,'00000000-0000-0000-0000-000000000000','Console','G','null','staff','webeditor add nukkit.command.spawnpoint false'),(338,1597533607,'00000000-0000-0000-0000-000000000000','Console','G','null','staff','webeditor add nukkit.command.kill false'),(339,1597533607,'00000000-0000-0000-0000-000000000000','Console','G','null','staff','webeditor add nukkit.command.save.enable false'),(340,1597533607,'00000000-0000-0000-0000-000000000000','Console','G','null','staff','webeditor add freeze.self false'),(341,1597533607,'00000000-0000-0000-0000-000000000000','Console','G','null','staff','webeditor add nukkit.command.whitelist.remove false'),(342,1597533607,'00000000-0000-0000-0000-000000000000','Console','G','null','staff','webeditor add nukkit.command.unban.ip true'),(343,1597533607,'00000000-0000-0000-0000-000000000000','Console','G','null','staff','webeditor add staff.quit true'),(344,1597533607,'00000000-0000-0000-0000-000000000000','Console','G','null','staff','webeditor add luckperms.* false'),(345,1597533607,'00000000-0000-0000-0000-000000000000','Console','G','null','staff','webeditor add nukkit.broadcast true'),(346,1597533607,'00000000-0000-0000-0000-000000000000','Console','G','null','staff','webeditor add nukkit.command.kick true'),(347,1597533607,'00000000-0000-0000-0000-000000000000','Console','G','null','staff','webeditor add nukkit.command.version false'),(348,1597533607,'00000000-0000-0000-0000-000000000000','Console','G','null','staff','webeditor add nukkit.command.time.query false'),(349,1597533607,'00000000-0000-0000-0000-000000000000','Console','G','null','staff','webeditor add freeze.other false'),(350,1597533607,'00000000-0000-0000-0000-000000000000','Console','G','null','staff','webeditor add nukkit.command.title false'),(351,1597533607,'00000000-0000-0000-0000-000000000000','Console','G','null','staff','webeditor add nukkit.command.time.stop false'),(352,1597533607,'00000000-0000-0000-0000-000000000000','Console','G','null','staff','webeditor add nukkit.command.unban.player true'),(353,1597533607,'00000000-0000-0000-0000-000000000000','Console','G','null','staff','webeditor add nukkit.command.weather false'),(354,1597533607,'00000000-0000-0000-0000-000000000000','Console','G','null','staff','webeditor add nukkit.broadcast.user false'),(355,1597533607,'00000000-0000-0000-0000-000000000000','Console','G','null','staff','webeditor add worldprotect false'),(356,1597533607,'00000000-0000-0000-0000-000000000000','Console','G','null','staff','webeditor add nukkit.broadcast.admin false'),(357,1597533607,'00000000-0000-0000-0000-000000000000','Console','G','null','staff','webeditor add nukkit.command.setworldspawn false'),(358,1597533607,'00000000-0000-0000-0000-000000000000','Console','G','null','staff','webeditor add nukkit.command.gamemode.adventure false'),(359,1597533607,'00000000-0000-0000-0000-000000000000','Console','G','null','staff','webeditor add nukkit.command.ban.list false'),(360,1597533608,'00000000-0000-0000-0000-000000000000','Console','T','null','employee-promotion','webeditor add staff'),(361,1597533608,'00000000-0000-0000-0000-000000000000','Console','T','null','employee-promotion','webeditor add mod'),(362,1597533608,'00000000-0000-0000-0000-000000000000','Console','T','null','employee-promotion','webeditor add chatmod'),(363,1597535890,'00000000-0000-0000-0000-000000000000','Console','U','b61989c0-de1b-3297-9992-dabe69651e0c','magmacube20','parent add owner'),(364,1597543725,'00000000-0000-0000-0000-000000000000','Console','U','b61989c0-de1b-3297-9992-dabe69651e0c','magmacube20','parent set owner'),(365,1597593855,'b61989c0-de1b-3297-9992-dabe69651e0c','MagmaCube20','G','null','testgroup','create'),(366,1597593866,'b61989c0-de1b-3297-9992-dabe69651e0c','MagmaCube20','G','null','testgroup','delete'),(367,1597595211,'b61989c0-de1b-3297-9992-dabe69651e0c','MagmaCube20','U','b61989c0-de1b-3297-9992-dabe69651e0c','magmacube20','parent set default'),(368,1597601327,'00000000-0000-0000-0000-000000000000','Console','U','b61989c0-de1b-3297-9992-dabe69651e0c','magmacube20','parent set owner'),(369,1597601375,'00000000-0000-0000-0000-000000000000','Console','U','b61989c0-de1b-3297-9992-dabe69651e0c','magmacube20','parent set chatmod'),(370,1597601396,'00000000-0000-0000-0000-000000000000','Console','U','b61989c0-de1b-3297-9992-dabe69651e0c','magmacube20','parent set owner'),(371,1597620734,'00000000-0000-0000-0000-000000000000','Console','U','b61989c0-de1b-3297-9992-dabe69651e0c','magmacube20','parent set default'),(372,1597627972,'00000000-0000-0000-0000-000000000000','Console','U','b61989c0-de1b-3297-9992-dabe69651e0c','magmacube20','parent set owner'),(373,1597648482,'00000000-0000-0000-0000-000000000000','Console','G','null','chatmod','webeditor add chatformat.chatmod true'),(374,1597648482,'00000000-0000-0000-0000-000000000000','Console','G','null','chatmod','webeditor add chatformat.owner false'),(375,1597648482,'00000000-0000-0000-0000-000000000000','Console','G','null','chatmod','webeditor add chatformat.member false'),(376,1597648482,'00000000-0000-0000-0000-000000000000','Console','G','null','chatmod','webeditor add chatformat.mod false'),(377,1597648482,'00000000-0000-0000-0000-000000000000','Console','G','null','chatmod','webeditor remove prefix.3.&6[Chat-Mod] true'),(378,1597648482,'00000000-0000-0000-0000-000000000000','Console','G','null','chatmod','webeditor add chatformat.staff false'),(379,1597648482,'00000000-0000-0000-0000-000000000000','Console','G','null','default','webeditor add chatformat.mod false'),(380,1597648482,'00000000-0000-0000-0000-000000000000','Console','G','null','default','webeditor add chatformat.member true'),(381,1597648482,'00000000-0000-0000-0000-000000000000','Console','G','null','default','webeditor add chatformat.staff false'),(382,1597648482,'00000000-0000-0000-0000-000000000000','Console','G','null','default','webeditor add chatformat.chatmod false'),(383,1597648482,'00000000-0000-0000-0000-000000000000','Console','G','null','default','webeditor remove prefix.1.&f[Member] true'),(384,1597648482,'00000000-0000-0000-0000-000000000000','Console','G','null','default','webeditor add chatformat.owner false'),(385,1597648482,'00000000-0000-0000-0000-000000000000','Console','G','null','mod','webeditor add chatformat.owner false'),(386,1597648482,'00000000-0000-0000-0000-000000000000','Console','G','null','mod','webeditor add chatformat.member false'),(387,1597648482,'00000000-0000-0000-0000-000000000000','Console','G','null','mod','webeditor add chatformat.mod true'),(388,1597648482,'00000000-0000-0000-0000-000000000000','Console','G','null','mod','webeditor add chatformat.chatmod false'),(389,1597648482,'00000000-0000-0000-0000-000000000000','Console','G','null','mod','webeditor add chatformat.staff false'),(390,1597648482,'00000000-0000-0000-0000-000000000000','Console','G','null','mod','webeditor remove prefix.4.&c[Mod] true'),(391,1597648482,'00000000-0000-0000-0000-000000000000','Console','G','null','owner','webeditor add chatformat.member false'),(392,1597648482,'00000000-0000-0000-0000-000000000000','Console','G','null','owner','webeditor add chatformat.mod false'),(393,1597648482,'00000000-0000-0000-0000-000000000000','Console','G','null','owner','webeditor add chatformat.chatmod false'),(394,1597648482,'00000000-0000-0000-0000-000000000000','Console','G','null','owner','webeditor add chatformat.owner true'),(395,1597648482,'00000000-0000-0000-0000-000000000000','Console','G','null','owner','webeditor add chatformat.staff false'),(396,1597648482,'00000000-0000-0000-0000-000000000000','Console','G','null','owner','webeditor remove prefix.5.&f[&6O&9W&aN&bE&eR&f] true'),(397,1597648482,'00000000-0000-0000-0000-000000000000','Console','G','null','staff','webeditor add chatformat.staff true'),(398,1597648482,'00000000-0000-0000-0000-000000000000','Console','G','null','staff','webeditor add chatformat.owner false'),(399,1597648482,'00000000-0000-0000-0000-000000000000','Console','G','null','staff','webeditor add chatformat.member false'),(400,1597648482,'00000000-0000-0000-0000-000000000000','Console','G','null','staff','webeditor add chatformat.mod false'),(401,1597648482,'00000000-0000-0000-0000-000000000000','Console','G','null','staff','webeditor add chatformat.chatmod false'),(402,1597648482,'00000000-0000-0000-0000-000000000000','Console','G','null','staff','webeditor remove prefix.2.&e[Staff] true'),(403,1597648595,'b61989c0-de1b-3297-9992-dabe69651e0c','MagmaCube20','U','b61989c0-de1b-3297-9992-dabe69651e0c','magmacube20','parent set default'),(404,1597649014,'00000000-0000-0000-0000-000000000000','Console','U','b61989c0-de1b-3297-9992-dabe69651e0c','magmacube20','parent set default'),(405,1597649059,'00000000-0000-0000-0000-000000000000','Console','U','b61989c0-de1b-3297-9992-dabe69651e0c','magmacube20','parent set owner'),(406,1597649126,'00000000-0000-0000-0000-000000000000','Console','U','b61989c0-de1b-3297-9992-dabe69651e0c','magmacube20','parent set staff'),(407,1597649295,'00000000-0000-0000-0000-000000000000','Console','U','b61989c0-de1b-3297-9992-dabe69651e0c','magmacube20','parent set default'),(408,1597649626,'00000000-0000-0000-0000-000000000000','Console','U','b61989c0-de1b-3297-9992-dabe69651e0c','magmacube20','parent set owner'),(409,1597692557,'00000000-0000-0000-0000-000000000000','Console','G','null','chatmod','webeditor add maintenance.join false'),(410,1597692557,'00000000-0000-0000-0000-000000000000','Console','G','null','default','webeditor add maintenance.join false'),(411,1597692557,'00000000-0000-0000-0000-000000000000','Console','G','null','mod','webeditor add maintenance.join true'),(412,1597692557,'00000000-0000-0000-0000-000000000000','Console','G','null','owner','webeditor add maintenance.join true'),(413,1597692557,'00000000-0000-0000-0000-000000000000','Console','G','null','staff','webeditor add maintenance.join false'),(414,1597693928,'00000000-0000-0000-0000-000000000000','Console','U','b61989c0-de1b-3297-9992-dabe69651e0c','magmacube20','parent set owner'),(415,1597694220,'00000000-0000-0000-0000-000000000000','Console','U','b61989c0-de1b-3297-9992-dabe69651e0c','magmacube20','parent set default'),(416,1597694241,'00000000-0000-0000-0000-000000000000','Console','U','b61989c0-de1b-3297-9992-dabe69651e0c','magmacube20','parent set staff'),(417,1597694254,'00000000-0000-0000-0000-000000000000','Console','U','b61989c0-de1b-3297-9992-dabe69651e0c','magmacube20','parent set chatmod'),(418,1597694300,'00000000-0000-0000-0000-000000000000','Console','U','b61989c0-de1b-3297-9992-dabe69651e0c','magmacube20','parent set mod'),(419,1597694327,'00000000-0000-0000-0000-000000000000','Console','U','b61989c0-de1b-3297-9992-dabe69651e0c','magmacube20','parent set owner'),(420,1597696840,'00000000-0000-0000-0000-000000000000','Console','U','b61989c0-de1b-3297-9992-dabe69651e0c','magmacube20','parent set default'),(421,1597696896,'00000000-0000-0000-0000-000000000000','Console','U','b61989c0-de1b-3297-9992-dabe69651e0c','magmacube20','parent set owner'),(422,1597796310,'00000000-0000-0000-0000-000000000000','Console','G','null','danny','create'),(423,1597796320,'00000000-0000-0000-0000-000000000000','Console','G','null','srithan','create'),(424,1597796378,'00000000-0000-0000-0000-000000000000','Console','G','null','srithan','parent add default'),(425,1597796393,'00000000-0000-0000-0000-000000000000','Console','G','null','danny','parent add default'),(426,1597796505,'00000000-0000-0000-0000-000000000000','Console','G','null','danny','webeditor add chatformat.danny true'),(427,1597796505,'00000000-0000-0000-0000-000000000000','Console','G','null','danny','webeditor add chatformat.srithan false'),(428,1597796505,'00000000-0000-0000-0000-000000000000','Console','G','null','danny','webeditor add chatformat.member false'),(429,1597796505,'00000000-0000-0000-0000-000000000000','Console','G','null','srithan','webeditor add chatformat.danny false'),(430,1597796505,'00000000-0000-0000-0000-000000000000','Console','G','null','srithan','webeditor add chatformat.srithan true'),(431,1597796505,'00000000-0000-0000-0000-000000000000','Console','G','null','srithan','webeditor add chatformat.member false'),(432,1597796644,'00000000-0000-0000-0000-000000000000','Console','U','b61989c0-de1b-3297-9992-dabe69651e0c','magmacube20','parent set srithan'),(433,1597796894,'00000000-0000-0000-0000-000000000000','Console','U','b61989c0-de1b-3297-9992-dabe69651e0c','magmacube20','parent set danny'),(434,1597798367,'00000000-0000-0000-0000-000000000000','Console','U','b61989c0-de1b-3297-9992-dabe69651e0c','magmacube20','parent set owner'),(435,1597798800,'00000000-0000-0000-0000-000000000000','Console','U','b61989c0-de1b-3297-9992-dabe69651e0c','magmacube20','parent set srithan'),(436,1597798824,'00000000-0000-0000-0000-000000000000','Console','U','b61989c0-de1b-3297-9992-dabe69651e0c','magmacube20','parent set owner'),(437,1597799953,'00000000-0000-0000-0000-000000000000','Console','U','04b943d1-0566-31f3-a395-67191ecaeaf0','therealsrithan','parent set srithan'),(438,1597800034,'00000000-0000-0000-0000-000000000000','Console','U','2570bb2e-7f64-3152-a361-ef1fa048c6b4','uniformprism474','parent set danny');
/*!40000 ALTER TABLE `actions` ENABLE KEYS */;
UNLOCK TABLES;

--
-- Table structure for table `group_permissions`
--

DROP TABLE IF EXISTS `group_permissions`;
/*!40101 SET @saved_cs_client     = @@character_set_client */;
/*!40101 SET character_set_client = utf8 */;
CREATE TABLE `group_permissions` (
  `id` int(11) NOT NULL AUTO_INCREMENT,
  `name` varchar(36) NOT NULL,
  `permission` varchar(200) NOT NULL,
  `value` tinyint(1) NOT NULL,
  `server` varchar(36) NOT NULL,
  `world` varchar(64) NOT NULL,
  `expiry` bigint(20) NOT NULL,
  `contexts` varchar(200) NOT NULL,
  PRIMARY KEY (`id`),
  KEY `group_permissions_name` (`name`)
) ENGINE=InnoDB AUTO_INCREMENT=388 DEFAULT CHARSET=utf8mb4;
/*!40101 SET character_set_client = @saved_cs_client */;

--
-- Dumping data for table `group_permissions`
--

LOCK TABLES `group_permissions` WRITE;
/*!40000 ALTER TABLE `group_permissions` DISABLE KEYS */;
INSERT INTO `group_permissions` VALUES (1,'default','nukkit.command.time.stop',0,'global','global',0,'{}'),(2,'default','nukkit.command.defaultgamemode',0,'global','global',0,'{}'),(3,'default','luckperms',0,'global','global',0,'{}'),(4,'default','nukkit.command.gc',0,'global','global',0,'{}'),(5,'default','nukkit.command.kill',0,'global','global',0,'{}'),(6,'default','freeze',0,'global','global',0,'{}'),(7,'default','staff.log',0,'global','global',0,'{}'),(8,'default','nukkit.command.kick',0,'global','global',0,'{}'),(9,'default','nukkit.command.tell',0,'global','global',0,'{}'),(10,'default','nukkit.command.title',0,'global','global',0,'{}'),(11,'default','nukkit.command.gamemode.survival',0,'global','global',0,'{}'),(12,'default','nukkit.command.unban.player',0,'global','global',0,'{}'),(13,'default','worldprotect',0,'global','global',0,'{}'),(14,'default','nukkit.command.weather',0,'global','global',0,'{}'),(15,'default','nukkit.command.whitelist.enable',0,'global','global',0,'{}'),(16,'default','nukkit.command.ban.list',0,'global','global',0,'{}'),(17,'default','luckperms.*',0,'global','global',0,'{}'),(18,'default','staff.welcome',0,'global','global',0,'{}'),(19,'default','nukkit.command.whitelist.list',0,'global','global',0,'{}'),(20,'default','unfreeze',0,'global','global',0,'{}'),(21,'default','nukkit.command.whitelist',0,'global','global',0,'{}'),(22,'default','nukkit.broadcast.admin',0,'global','global',0,'{}'),(23,'default','mobplugin',0,'global','global',0,'{}'),(24,'default','nukkit.command.op.take',0,'global','global',0,'{}'),(25,'default','nukkit.command.unban',0,'global','global',0,'{}'),(26,'default','freeze.*',0,'global','global',0,'{}'),(27,'default','nukkit.command.gamemode.spectator',0,'global','global',0,'{}'),(28,'default','staff.chat',0,'global','global',0,'{}'),(29,'default','nukkit.command.debug',0,'global','global',0,'{}'),(30,'default','nukkit.command.status',0,'global','global',0,'{}'),(31,'default','nukkit.command.whitelist.remove',0,'global','global',0,'{}'),(32,'default','nukkit.command.save',0,'global','global',0,'{}'),(33,'default','nukkit.command.debug.perform',0,'global','global',0,'{}'),(34,'default','nukkit.command.gamemode.adventure',0,'global','global',0,'{}'),(35,'default','nukkit.command.ban',0,'global','global',0,'{}'),(36,'default','nukkit.command.save.disable',0,'global','global',0,'{}'),(37,'default','nukkit.command.time',0,'global','global',0,'{}'),(38,'default','nukkit.broadcast',0,'global','global',0,'{}'),(39,'default','staff.quit',0,'global','global',0,'{}'),(40,'default','nukkit.command.effect',0,'global','global',0,'{}'),(41,'default','nukkit.command.timings',0,'global','global',0,'{}'),(42,'default','nukkit.command.give',0,'global','global',0,'{}'),(43,'default','nukkit.command.whitelist.reload',0,'global','global',0,'{}'),(44,'default','nukkit.command.op',0,'global','global',0,'{}'),(45,'default','nukkit.command.gamemode',0,'global','global',0,'{}'),(46,'default','nukkit.command.gamemode.creative',0,'global','global',0,'{}'),(47,'default','unfreeze.other',0,'global','global',0,'{}'),(48,'default','nukkit.command.xp',0,'global','global',0,'{}'),(49,'default','nukkit.command.time.query',0,'global','global',0,'{}'),(50,'default','nukkit.command.reload',0,'global','global',0,'{}'),(51,'default','nukkit.command.whitelist.disable',0,'global','global',0,'{}'),(52,'default','worldprotect.command',0,'global','global',0,'{}'),(53,'default','nukkit.command.gamerule',0,'global','global',0,'{}'),(54,'default','staffchat.use',0,'global','global',0,'{}'),(55,'default','nukkit.command.version',0,'global','global',0,'{}'),(56,'default','nukkit.command.seed',0,'global','global',0,'{}'),(57,'default','nukkit.command.difficulty',0,'global','global',0,'{}'),(58,'default','nukkit.command.ban.player',0,'global','global',0,'{}'),(59,'default','staffchat',0,'global','global',0,'{}'),(60,'default','nukkit.command.ban.ip',0,'global','global',0,'{}'),(61,'default','nukkit.command.list',0,'global','global',0,'{}'),(62,'default','nukkit.command.setworldspawn',0,'global','global',0,'{}'),(63,'default','nukkit.command.unban.ip',0,'global','global',0,'{}'),(64,'default','nukkit.command.me',0,'global','global',0,'{}'),(65,'default','nukkit.command.whitelist.add',0,'global','global',0,'{}'),(66,'default','nukkit.command.plugins',0,'global','global',0,'{}'),(67,'default','unfreeze.all',0,'global','global',0,'{}'),(68,'default','staff',0,'global','global',0,'{}'),(69,'default','nukkit.command.save.enable',0,'global','global',0,'{}'),(70,'default','nukkit.broadcast.user',0,'global','global',0,'{}'),(71,'default','nukkit.command.op.give',0,'global','global',0,'{}'),(72,'default','nukkit.command.gamemode.other',0,'global','global',0,'{}'),(73,'default','nukkit.command.help',1,'global','global',0,'{}'),(74,'default','unfreeze.self',0,'global','global',0,'{}'),(75,'default','nukkit.command.kill.self',0,'global','global',0,'{}'),(76,'default','nukkit.command.particle',0,'global','global',0,'{}'),(77,'default','nukkit.command.stop',0,'global','global',0,'{}'),(78,'default','nukkit.command.time.add',0,'global','global',0,'{}'),(79,'default','nukkit.command.time.set',0,'global','global',0,'{}'),(80,'default','nukkit.command.kill.other',0,'global','global',0,'{}'),(81,'default','nukkit.command.teleport',0,'global','global',0,'{}'),(82,'default','nukkit.command.enchant',0,'global','global',0,'{}'),(83,'default','nukkit.command.say',0,'global','global',0,'{}'),(84,'default','nukkit.command.save.perform',0,'global','global',0,'{}'),(85,'default','mobplugin.command',0,'global','global',0,'{}'),(86,'default','nukkit.command.time.start',0,'global','global',0,'{}'),(95,'chatmod','nukkit.command.kill.self',1,'global','global',0,'{}'),(96,'chatmod','nukkit.command.time.stop',0,'global','global',0,'{}'),(97,'chatmod','nukkit.command.defaultgamemode',0,'global','global',0,'{}'),(98,'chatmod','nukkit.command.gc',0,'global','global',0,'{}'),(99,'chatmod','nukkit.command.ban',1,'global','global',0,'{}'),(100,'chatmod','nukkit.command.kill',0,'global','global',0,'{}'),(101,'chatmod','freeze',0,'global','global',0,'{}'),(102,'chatmod','nukkit.command.title',0,'global','global',0,'{}'),(103,'chatmod','nukkit.command.ban.ip',1,'global','global',0,'{}'),(104,'chatmod','nukkit.command.gamemode.survival',0,'global','global',0,'{}'),(105,'chatmod','staffchat.use',1,'global','global',0,'{}'),(106,'chatmod','worldprotect',0,'global','global',0,'{}'),(107,'chatmod','staff.chat',1,'global','global',0,'{}'),(108,'chatmod','nukkit.command.weather',0,'global','global',0,'{}'),(109,'chatmod','nukkit.command.whitelist.enable',0,'global','global',0,'{}'),(110,'chatmod','nukkit.command.ban.list',0,'global','global',0,'{}'),(111,'chatmod','nukkit.command.unban',1,'global','global',0,'{}'),(112,'chatmod','luckperms.*',0,'global','global',0,'{}'),(113,'chatmod','nukkit.command.whitelist.list',0,'global','global',0,'{}'),(114,'chatmod','unfreeze',0,'global','global',0,'{}'),(115,'chatmod','nukkit.command.whitelist',0,'global','global',0,'{}'),(116,'chatmod','nukkit.command.ban.player',1,'global','global',0,'{}'),(117,'chatmod','nukkit.broadcast.admin',0,'global','global',0,'{}'),(118,'chatmod','nukkit.command.op.take',0,'global','global',0,'{}'),(119,'chatmod','freeze.*',0,'global','global',0,'{}'),(120,'chatmod','nukkit.command.gamemode.spectator',0,'global','global',0,'{}'),(121,'chatmod','nukkit.command.debug',0,'global','global',0,'{}'),(122,'chatmod','nukkit.command.status',0,'global','global',0,'{}'),(123,'chatmod','nukkit.command.whitelist.remove',0,'global','global',0,'{}'),(124,'chatmod','nukkit.command.save',0,'global','global',0,'{}'),(125,'chatmod','nukkit.command.unban.ip',1,'global','global',0,'{}'),(126,'chatmod','nukkit.command.debug.perform',0,'global','global',0,'{}'),(127,'chatmod','nukkit.command.gamemode.adventure',0,'global','global',0,'{}'),(128,'chatmod','nukkit.command.tell',1,'global','global',0,'{}'),(129,'chatmod','nukkit.command.save.disable',0,'global','global',0,'{}'),(130,'chatmod','nukkit.command.time',0,'global','global',0,'{}'),(131,'chatmod','staff.quit',1,'global','global',0,'{}'),(132,'chatmod','nukkit.broadcast',1,'global','global',0,'{}'),(133,'chatmod','nukkit.command.effect',0,'global','global',0,'{}'),(134,'chatmod','nukkit.command.timings',0,'global','global',0,'{}'),(135,'chatmod','nukkit.command.give',0,'global','global',0,'{}'),(136,'chatmod','nukkit.command.whitelist.reload',0,'global','global',0,'{}'),(137,'chatmod','nukkit.command.op',0,'global','global',0,'{}'),(138,'chatmod','nukkit.command.gamemode',0,'global','global',0,'{}'),(139,'chatmod','nukkit.command.gamemode.creative',0,'global','global',0,'{}'),(140,'chatmod','unfreeze.other',0,'global','global',0,'{}'),(141,'chatmod','nukkit.command.xp',0,'global','global',0,'{}'),(142,'chatmod','nukkit.command.time.query',0,'global','global',0,'{}'),(143,'chatmod','nukkit.command.kick',1,'global','global',0,'{}'),(144,'chatmod','nukkit.command.reload',0,'global','global',0,'{}'),(145,'chatmod','nukkit.command.whitelist.disable',0,'global','global',0,'{}'),(146,'chatmod','worldprotect.command',0,'global','global',0,'{}'),(147,'chatmod','nukkit.command.gamerule',0,'global','global',0,'{}'),(148,'chatmod','staff.welcome',1,'global','global',0,'{}'),(149,'chatmod','staff.log',1,'global','global',0,'{}'),(150,'chatmod','nukkit.command.version',0,'global','global',0,'{}'),(151,'chatmod','staff',1,'global','global',0,'{}'),(152,'chatmod','nukkit.command.seed',0,'global','global',0,'{}'),(153,'chatmod','nukkit.command.unban.player',1,'global','global',0,'{}'),(154,'chatmod','nukkit.command.difficulty',0,'global','global',0,'{}'),(155,'chatmod','nukkit.command.setworldspawn',0,'global','global',0,'{}'),(156,'chatmod','nukkit.command.me',0,'global','global',0,'{}'),(157,'chatmod','nukkit.command.list',1,'global','global',0,'{}'),(158,'chatmod','nukkit.command.whitelist.add',0,'global','global',0,'{}'),(159,'chatmod','nukkit.command.plugins',0,'global','global',0,'{}'),(160,'chatmod','staffchat',1,'global','global',0,'{}'),(161,'chatmod','unfreeze.all',0,'global','global',0,'{}'),(162,'chatmod','nukkit.command.save.enable',0,'global','global',0,'{}'),(163,'chatmod','nukkit.command.op.give',0,'global','global',0,'{}'),(164,'chatmod','nukkit.command.gamemode.other',0,'global','global',0,'{}'),(165,'chatmod','nukkit.command.help',1,'global','global',0,'{}'),(166,'chatmod','unfreeze.self',0,'global','global',0,'{}'),(167,'chatmod','nukkit.command.particle',0,'global','global',0,'{}'),(168,'chatmod','nukkit.command.stop',0,'global','global',0,'{}'),(169,'chatmod','nukkit.command.time.add',0,'global','global',0,'{}'),(170,'chatmod','nukkit.command.time.set',0,'global','global',0,'{}'),(171,'chatmod','nukkit.command.kill.other',0,'global','global',0,'{}'),(172,'chatmod','nukkit.command.teleport',0,'global','global',0,'{}'),(173,'chatmod','nukkit.command.enchant',0,'global','global',0,'{}'),(174,'chatmod','nukkit.command.save.perform',0,'global','global',0,'{}'),(175,'chatmod','nukkit.textcolor',0,'global','global',0,'{}'),(176,'chatmod','nukkit.command.time.start',0,'global','global',0,'{}'),(177,'mod','nukkit.command.kill.self',1,'global','global',0,'{}'),(178,'mod','nukkit.command.time.stop',0,'global','global',0,'{}'),(179,'mod','nukkit.command.defaultgamemode',0,'global','global',0,'{}'),(180,'mod','luckperms',0,'global','global',0,'{}'),(181,'mod','nukkit.command.gc',0,'global','global',0,'{}'),(182,'mod','nukkit.command.ban',1,'global','global',0,'{}'),(183,'mod','nukkit.command.kill',0,'global','global',0,'{}'),(184,'mod','nukkit.command.title',0,'global','global',0,'{}'),(185,'mod','nukkit.command.ban.ip',1,'global','global',0,'{}'),(186,'mod','staffchat.use',1,'global','global',0,'{}'),(187,'mod','unfreeze.all',1,'global','global',0,'{}'),(188,'mod','worldprotect',0,'global','global',0,'{}'),(189,'mod','staff.chat',1,'global','global',0,'{}'),(190,'mod','nukkit.command.weather',0,'global','global',0,'{}'),(191,'mod','nukkit.command.whitelist.enable',0,'global','global',0,'{}'),(192,'mod','nukkit.command.unban',1,'global','global',0,'{}'),(193,'mod','luckperms.*',0,'global','global',0,'{}'),(194,'mod','nukkit.command.whitelist.list',0,'global','global',0,'{}'),(195,'mod','unfreeze.other',1,'global','global',0,'{}'),(196,'mod','nukkit.command.whitelist',0,'global','global',0,'{}'),(197,'mod','nukkit.command.ban.player',1,'global','global',0,'{}'),(198,'mod','nukkit.broadcast.admin',1,'global','global',0,'{}'),(199,'mod','mobplugin',0,'global','global',0,'{}'),(200,'mod','nukkit.command.op.take',0,'global','global',0,'{}'),(201,'mod','nukkit.command.debug',0,'global','global',0,'{}'),(202,'mod','nukkit.command.status',0,'global','global',0,'{}'),(203,'mod','nukkit.command.whitelist.remove',0,'global','global',0,'{}'),(204,'mod','nukkit.command.save',0,'global','global',0,'{}'),(205,'mod','nukkit.command.unban.ip',1,'global','global',0,'{}'),(206,'mod','nukkit.command.debug.perform',0,'global','global',0,'{}'),(207,'mod','nukkit.command.gamemode.adventure',0,'global','global',0,'{}'),(208,'mod','nukkit.command.tell',1,'global','global',0,'{}'),(209,'mod','nukkit.command.gamemode.spectator',1,'global','global',0,'{}'),(210,'mod','nukkit.command.save.disable',0,'global','global',0,'{}'),(211,'mod','nukkit.command.time',0,'global','global',0,'{}'),(212,'mod','staff.quit',1,'global','global',0,'{}'),(213,'mod','nukkit.broadcast',1,'global','global',0,'{}'),(214,'mod','freeze',1,'global','global',0,'{}'),(215,'mod','nukkit.command.effect',0,'global','global',0,'{}'),(216,'mod','nukkit.command.timings',0,'global','global',0,'{}'),(217,'mod','nukkit.command.ban.list',1,'global','global',0,'{}'),(218,'mod','nukkit.command.give',0,'global','global',0,'{}'),(219,'mod','nukkit.command.whitelist.reload',0,'global','global',0,'{}'),(220,'mod','unfreeze.self',1,'global','global',0,'{}'),(221,'mod','nukkit.command.op',0,'global','global',0,'{}'),(222,'mod','nukkit.command.gamemode.creative',0,'global','global',0,'{}'),(223,'mod','nukkit.command.xp',0,'global','global',0,'{}'),(224,'mod','nukkit.command.time.query',0,'global','global',0,'{}'),(225,'mod','freeze.other',1,'global','global',0,'{}'),(226,'mod','nukkit.command.gamemode.survival',1,'global','global',0,'{}'),(227,'mod','nukkit.command.kick',1,'global','global',0,'{}'),(228,'mod','nukkit.command.reload',0,'global','global',0,'{}'),(229,'mod','nukkit.command.whitelist.disable',0,'global','global',0,'{}'),(230,'mod','worldprotect.command',0,'global','global',0,'{}'),(231,'mod','nukkit.command.gamerule',0,'global','global',0,'{}'),(232,'mod','staff.welcome',1,'global','global',0,'{}'),(233,'mod','staff.log',1,'global','global',0,'{}'),(234,'mod','nukkit.command.version',0,'global','global',0,'{}'),(235,'mod','staff',1,'global','global',0,'{}'),(236,'mod','nukkit.command.seed',0,'global','global',0,'{}'),(237,'mod','nukkit.command.unban.player',1,'global','global',0,'{}'),(238,'mod','nukkit.command.difficulty',0,'global','global',0,'{}'),(239,'mod','nukkit.broadcast.user',1,'global','global',0,'{}'),(240,'mod','nukkit.command.setworldspawn',0,'global','global',0,'{}'),(241,'mod','unfreeze',1,'global','global',0,'{}'),(242,'mod','nukkit.command.list',1,'global','global',0,'{}'),(243,'mod','nukkit.command.whitelist.add',0,'global','global',0,'{}'),(244,'mod','nukkit.command.plugins',0,'global','global',0,'{}'),(245,'mod','staffchat',1,'global','global',0,'{}'),(246,'mod','nukkit.command.save.enable',0,'global','global',0,'{}'),(247,'mod','nukkit.command.op.give',0,'global','global',0,'{}'),(248,'mod','nukkit.command.gamemode.other',0,'global','global',0,'{}'),(249,'mod','nukkit.command.help',1,'global','global',0,'{}'),(250,'mod','nukkit.command.particle',0,'global','global',0,'{}'),(251,'mod','nukkit.command.stop',0,'global','global',0,'{}'),(252,'mod','nukkit.command.time.add',0,'global','global',0,'{}'),(253,'mod','nukkit.command.time.set',0,'global','global',0,'{}'),(254,'mod','nukkit.command.kill.other',0,'global','global',0,'{}'),(255,'mod','nukkit.command.enchant',0,'global','global',0,'{}'),(256,'mod','nukkit.command.say',0,'global','global',0,'{}'),(257,'mod','nukkit.command.save.perform',0,'global','global',0,'{}'),(258,'mod','nukkit.textcolor',0,'global','global',0,'{}'),(259,'mod','mobplugin.command',0,'global','global',0,'{}'),(260,'mod','nukkit.command.time.start',0,'global','global',0,'{}'),(261,'owner','*',1,'global','global',0,'{}'),(262,'staff','nukkit.command.kill.self',1,'global','global',0,'{}'),(263,'staff','nukkit.command.time.stop',0,'global','global',0,'{}'),(264,'staff','nukkit.command.defaultgamemode',0,'global','global',0,'{}'),(265,'staff','luckperms',0,'global','global',0,'{}'),(266,'staff','nukkit.command.gc',0,'global','global',0,'{}'),(267,'staff','freeze.self',0,'global','global',0,'{}'),(268,'staff','nukkit.command.ban',1,'global','global',0,'{}'),(269,'staff','nukkit.command.kill',0,'global','global',0,'{}'),(270,'staff','freeze',0,'global','global',0,'{}'),(271,'staff','nukkit.command.title',0,'global','global',0,'{}'),(272,'staff','nukkit.command.ban.ip',1,'global','global',0,'{}'),(273,'staff','staffchat.use',1,'global','global',0,'{}'),(274,'staff','worldprotect',0,'global','global',0,'{}'),(275,'staff','staff.chat',1,'global','global',0,'{}'),(276,'staff','nukkit.command.weather',0,'global','global',0,'{}'),(277,'staff','nukkit.command.whitelist.enable',0,'global','global',0,'{}'),(278,'staff','nukkit.command.ban.list',0,'global','global',0,'{}'),(279,'staff','nukkit.command.unban',1,'global','global',0,'{}'),(280,'staff','luckperms.*',0,'global','global',0,'{}'),(281,'staff','nukkit.command.whitelist.list',0,'global','global',0,'{}'),(282,'staff','unfreeze',0,'global','global',0,'{}'),(283,'staff','nukkit.command.whitelist',0,'global','global',0,'{}'),(284,'staff','nukkit.command.ban.player',1,'global','global',0,'{}'),(285,'staff','nukkit.broadcast.admin',0,'global','global',0,'{}'),(286,'staff','mobplugin',0,'global','global',0,'{}'),(287,'staff','nukkit.command.op.take',0,'global','global',0,'{}'),(288,'staff','nukkit.command.debug',0,'global','global',0,'{}'),(289,'staff','nukkit.command.status',0,'global','global',0,'{}'),(290,'staff','nukkit.command.whitelist.remove',0,'global','global',0,'{}'),(291,'staff','nukkit.command.save',0,'global','global',0,'{}'),(292,'staff','nukkit.command.unban.ip',1,'global','global',0,'{}'),(293,'staff','nukkit.command.debug.perform',0,'global','global',0,'{}'),(294,'staff','nukkit.command.gamemode.adventure',0,'global','global',0,'{}'),(295,'staff','nukkit.command.tell',1,'global','global',0,'{}'),(296,'staff','nukkit.command.gamemode.spectator',1,'global','global',0,'{}'),(297,'staff','nukkit.command.save.disable',0,'global','global',0,'{}'),(298,'staff','nukkit.command.time',0,'global','global',0,'{}'),(299,'staff','staff.quit',1,'global','global',0,'{}'),(300,'staff','nukkit.broadcast',1,'global','global',0,'{}'),(301,'staff','nukkit.command.effect',0,'global','global',0,'{}'),(302,'staff','nukkit.command.timings',0,'global','global',0,'{}'),(303,'staff','nukkit.command.give',0,'global','global',0,'{}'),(304,'staff','nukkit.command.whitelist.reload',0,'global','global',0,'{}'),(305,'staff','nukkit.command.op',0,'global','global',0,'{}'),(306,'staff','nukkit.command.gamemode.creative',0,'global','global',0,'{}'),(307,'staff','unfreeze.other',0,'global','global',0,'{}'),(308,'staff','nukkit.command.xp',0,'global','global',0,'{}'),(309,'staff','nukkit.command.time.query',0,'global','global',0,'{}'),(310,'staff','nukkit.command.gamemode.survival',1,'global','global',0,'{}'),(311,'staff','nukkit.command.kick',1,'global','global',0,'{}'),(312,'staff','nukkit.command.reload',0,'global','global',0,'{}'),(313,'staff','nukkit.command.whitelist.disable',0,'global','global',0,'{}'),(314,'staff','nukkit.command.spawnpoint',0,'global','global',0,'{}'),(315,'staff','worldprotect.command',0,'global','global',0,'{}'),(316,'staff','nukkit.command.gamerule',0,'global','global',0,'{}'),(317,'staff','staff.welcome',1,'global','global',0,'{}'),(318,'staff','staff.log',1,'global','global',0,'{}'),(319,'staff','nukkit.command.version',0,'global','global',0,'{}'),(320,'staff','staff',1,'global','global',0,'{}'),(321,'staff','nukkit.command.seed',0,'global','global',0,'{}'),(322,'staff','nukkit.command.unban.player',1,'global','global',0,'{}'),(323,'staff','nukkit.command.difficulty',0,'global','global',0,'{}'),(324,'staff','nukkit.command.list',0,'global','global',0,'{}'),(325,'staff','nukkit.command.setworldspawn',0,'global','global',0,'{}'),(326,'staff','nukkit.command.me',0,'global','global',0,'{}'),(327,'staff','nukkit.command.whitelist.add',0,'global','global',0,'{}'),(328,'staff','nukkit.command.plugins',0,'global','global',0,'{}'),(329,'staff','staffchat',1,'global','global',0,'{}'),(330,'staff','unfreeze.all',0,'global','global',0,'{}'),(331,'staff','nukkit.command.save.enable',0,'global','global',0,'{}'),(332,'staff','freeze.other',0,'global','global',0,'{}'),(333,'staff','nukkit.broadcast.user',0,'global','global',0,'{}'),(334,'staff','nukkit.command.op.give',0,'global','global',0,'{}'),(335,'staff','nukkit.command.gamemode.other',0,'global','global',0,'{}'),(336,'staff','nukkit.command.help',1,'global','global',0,'{}'),(337,'staff','unfreeze.self',0,'global','global',0,'{}'),(338,'staff','nukkit.command.particle',0,'global','global',0,'{}'),(339,'staff','nukkit.command.stop',0,'global','global',0,'{}'),(340,'staff','nukkit.command.time.add',0,'global','global',0,'{}'),(341,'staff','nukkit.command.time.set',0,'global','global',0,'{}'),(342,'staff','nukkit.command.kill.other',0,'global','global',0,'{}'),(343,'staff','nukkit.command.enchant',0,'global','global',0,'{}'),(344,'staff','nukkit.command.say',0,'global','global',0,'{}'),(345,'staff','nukkit.command.save.perform',0,'global','global',0,'{}'),(346,'staff','nukkit.textcolor',0,'global','global',0,'{}'),(347,'staff','mobplugin.command',0,'global','global',0,'{}'),(348,'staff','freeze.all',0,'global','global',0,'{}'),(349,'staff','nukkit.command.time.start',0,'global','global',0,'{}'),(350,'chatmod','chatformat.member',0,'global','global',0,'{}'),(351,'chatmod','chatformat.owner',0,'global','global',0,'{}'),(352,'chatmod','chatformat.mod',0,'global','global',0,'{}'),(353,'chatmod','chatformat.chatmod',1,'global','global',0,'{}'),(354,'chatmod','chatformat.staff',0,'global','global',0,'{}'),(355,'default','chatformat.owner',0,'global','global',0,'{}'),(356,'default','chatformat.member',1,'global','global',0,'{}'),(357,'default','chatformat.mod',0,'global','global',0,'{}'),(358,'default','chatformat.staff',0,'global','global',0,'{}'),(359,'default','chatformat.chatmod',0,'global','global',0,'{}'),(360,'mod','chatformat.member',0,'global','global',0,'{}'),(361,'mod','chatformat.owner',0,'global','global',0,'{}'),(362,'mod','chatformat.mod',1,'global','global',0,'{}'),(363,'mod','chatformat.staff',0,'global','global',0,'{}'),(364,'mod','chatformat.chatmod',0,'global','global',0,'{}'),(365,'owner','chatformat.staff',0,'global','global',0,'{}'),(366,'owner','chatformat.member',0,'global','global',0,'{}'),(367,'owner','chatformat.chatmod',0,'global','global',0,'{}'),(368,'owner','chatformat.mod',0,'global','global',0,'{}'),(369,'owner','chatformat.owner',1,'global','global',0,'{}'),(370,'staff','chatformat.staff',1,'global','global',0,'{}'),(371,'staff','chatformat.member',0,'global','global',0,'{}'),(372,'staff','chatformat.owner',0,'global','global',0,'{}'),(373,'staff','chatformat.mod',0,'global','global',0,'{}'),(374,'staff','chatformat.chatmod',0,'global','global',0,'{}'),(375,'chatmod','maintenance.join',0,'global','global',0,'{}'),(376,'default','maintenance.join',0,'global','global',0,'{}'),(377,'mod','maintenance.join',1,'global','global',0,'{}'),(378,'owner','maintenance.join',1,'global','global',0,'{}'),(379,'staff','maintenance.join',0,'global','global',0,'{}'),(380,'srithan','group.default',1,'global','global',0,'{}'),(381,'danny','group.default',1,'global','global',0,'{}'),(382,'danny','chatformat.srithan',0,'global','global',0,'{}'),(383,'danny','chatformat.member',0,'global','global',0,'{}'),(384,'danny','chatformat.danny',1,'global','global',0,'{}'),(385,'srithan','chatformat.member',0,'global','global',0,'{}'),(386,'srithan','chatformat.danny',0,'global','global',0,'{}'),(387,'srithan','chatformat.srithan',1,'global','global',0,'{}');
/*!40000 ALTER TABLE `group_permissions` ENABLE KEYS */;
UNLOCK TABLES;

--
-- Table structure for table `groups`
--

DROP TABLE IF EXISTS `groups`;
/*!40101 SET @saved_cs_client     = @@character_set_client */;
/*!40101 SET character_set_client = utf8 */;
CREATE TABLE `groups` (
  `name` varchar(36) NOT NULL,
  PRIMARY KEY (`name`)
) ENGINE=InnoDB DEFAULT CHARSET=utf8mb4;
/*!40101 SET character_set_client = @saved_cs_client */;

--
-- Dumping data for table `groups`
--

LOCK TABLES `groups` WRITE;
/*!40000 ALTER TABLE `groups` DISABLE KEYS */;
INSERT INTO `groups` VALUES ('chatmod'),('danny'),('default'),('mod'),('owner'),('srithan'),('staff');
/*!40000 ALTER TABLE `groups` ENABLE KEYS */;
UNLOCK TABLES;

--
-- Table structure for table `messenger`
--

DROP TABLE IF EXISTS `messenger`;
/*!40101 SET @saved_cs_client     = @@character_set_client */;
/*!40101 SET character_set_client = utf8 */;
CREATE TABLE `messenger` (
  `id` int(11) NOT NULL AUTO_INCREMENT,
  `time` timestamp NOT NULL DEFAULT current_timestamp() ON UPDATE current_timestamp(),
  `msg` text NOT NULL,
  PRIMARY KEY (`id`)
) ENGINE=InnoDB AUTO_INCREMENT=483 DEFAULT CHARSET=utf8mb4;
/*!40101 SET character_set_client = @saved_cs_client */;

--
-- Dumping data for table `messenger`
--

LOCK TABLES `messenger` WRITE;
/*!40000 ALTER TABLE `messenger` DISABLE KEYS */;
/*!40000 ALTER TABLE `messenger` ENABLE KEYS */;
UNLOCK TABLES;

--
-- Table structure for table `players`
--

DROP TABLE IF EXISTS `players`;
/*!40101 SET @saved_cs_client     = @@character_set_client */;
/*!40101 SET character_set_client = utf8 */;
CREATE TABLE `players` (
  `uuid` varchar(36) NOT NULL,
  `username` varchar(16) NOT NULL,
  `primary_group` varchar(36) NOT NULL,
  PRIMARY KEY (`uuid`),
  KEY `players_username` (`username`)
) ENGINE=InnoDB DEFAULT CHARSET=utf8mb4;
/*!40101 SET character_set_client = @saved_cs_client */;

--
-- Dumping data for table `players`
--

LOCK TABLES `players` WRITE;
/*!40000 ALTER TABLE `players` DISABLE KEYS */;
INSERT INTO `players` VALUES ('04b943d1-0566-31f3-a395-67191ecaeaf0','therealsrithan','srithan'),('2570bb2e-7f64-3152-a361-ef1fa048c6b4','uniformprism474','danny'),('b61989c0-de1b-3297-9992-dabe69651e0c','magmacube20','owner');
/*!40000 ALTER TABLE `players` ENABLE KEYS */;
UNLOCK TABLES;

--
-- Table structure for table `tracks`
--

DROP TABLE IF EXISTS `tracks`;
/*!40101 SET @saved_cs_client     = @@character_set_client */;
/*!40101 SET character_set_client = utf8 */;
CREATE TABLE `tracks` (
  `name` varchar(36) NOT NULL,
  `groups` text NOT NULL,
  PRIMARY KEY (`name`)
) ENGINE=InnoDB DEFAULT CHARSET=utf8mb4;
/*!40101 SET character_set_client = @saved_cs_client */;

--
-- Dumping data for table `tracks`
--

LOCK TABLES `tracks` WRITE;
/*!40000 ALTER TABLE `tracks` DISABLE KEYS */;
INSERT INTO `tracks` VALUES ('employee-promotion','[\"staff\",\"chatmod\",\"mod\"]');
/*!40000 ALTER TABLE `tracks` ENABLE KEYS */;
UNLOCK TABLES;

--
-- Table structure for table `user_permissions`
--

DROP TABLE IF EXISTS `user_permissions`;
/*!40101 SET @saved_cs_client     = @@character_set_client */;
/*!40101 SET character_set_client = utf8 */;
CREATE TABLE `user_permissions` (
  `id` int(11) NOT NULL AUTO_INCREMENT,
  `uuid` varchar(36) NOT NULL,
  `permission` varchar(200) NOT NULL,
  `value` tinyint(1) NOT NULL,
  `server` varchar(36) NOT NULL,
  `world` varchar(64) NOT NULL,
  `expiry` bigint(20) NOT NULL,
  `contexts` varchar(200) NOT NULL,
  PRIMARY KEY (`id`),
  KEY `user_permissions_uuid` (`uuid`)
) ENGINE=InnoDB AUTO_INCREMENT=22 DEFAULT CHARSET=utf8mb4;
/*!40101 SET character_set_client = @saved_cs_client */;

--
-- Dumping data for table `user_permissions`
--

LOCK TABLES `user_permissions` WRITE;
/*!40000 ALTER TABLE `user_permissions` DISABLE KEYS */;
INSERT INTO `user_permissions` VALUES (19,'b61989c0-de1b-3297-9992-dabe69651e0c','group.owner',1,'global','global',0,'{}'),(20,'04b943d1-0566-31f3-a395-67191ecaeaf0','group.srithan',1,'global','global',0,'{}'),(21,'2570bb2e-7f64-3152-a361-ef1fa048c6b4','group.danny',1,'global','global',0,'{}');
/*!40000 ALTER TABLE `user_permissions` ENABLE KEYS */;
UNLOCK TABLES;
/*!40103 SET TIME_ZONE=@OLD_TIME_ZONE */;

/*!40101 SET SQL_MODE=@OLD_SQL_MODE */;
/*!40014 SET FOREIGN_KEY_CHECKS=@OLD_FOREIGN_KEY_CHECKS */;
/*!40014 SET UNIQUE_CHECKS=@OLD_UNIQUE_CHECKS */;
/*!40101 SET CHARACTER_SET_CLIENT=@OLD_CHARACTER_SET_CLIENT */;
/*!40101 SET CHARACTER_SET_RESULTS=@OLD_CHARACTER_SET_RESULTS */;
/*!40101 SET COLLATION_CONNECTION=@OLD_COLLATION_CONNECTION */;
/*!40111 SET SQL_NOTES=@OLD_SQL_NOTES */;

-- Dump completed on 2020-08-23  4:05:43
